{"_default": {"1": {"input": "Step 1 : Give test case to login to the charitable impact using the credentials menon.sanu@gmail.com / Test123# .", "response": "=== PAGE OBJECT CLASS: LoginPage ===\n```java\nimport org.openqa.selenium.WebDriver;\nimport org.openqa.selenium.WebElement;\nimport org.openqa.selenium.support.FindBy;\nimport org.openqa.selenium.support.PageFactory;\n\npublic class LoginPage {\n    private WebDriver driver;\n\n    @FindBy(id = \"email\")\n    private WebElement emailInput;\n\n    @FindBy(id = \"password\")\n    private WebElement passwordInput;\n\n    @FindBy(id = \"login-btn\")\n    private WebElement loginButton;\n\n    public LoginPage(WebDriver driver) {\n        this.driver = driver;\n        PageFactory.initElements(driver, this);\n    }\n\n    public void enterEmail(String email) {\n        emailInput.sendKeys(email);\n    }\n\n    public void enterPassword(String password) {\n        passwordInput.sendKeys(password);\n    }\n\n    public void clickLoginButton() {\n        loginButton.click();\n    }\n}\n```\n=== TEST CLASS: LoginTest ===\n```java\nimport org.openqa.selenium.WebDriver;\nimport org.openqa.selenium.chrome.ChromeDriver;\nimport org.testng.annotations.AfterClass;\nimport org.testng.annotations.BeforeClass;\nimport org.testng.annotations.Test;\nimport com.aventstack.extentreports.ExtentReports;\nimport com.aventstack.extentreports.ExtentTest;\nimport com.aventstack.extentreports.Status;\nimport com.charitableimpact.config.ExtentReportManager;\nimport java.time.Duration;\n\npublic class LoginTest {\n    private WebDriver driver;\n    private String baseUrl = \"https://my.charitableimpact.com\";\n    ExtentTest test;\n\n    @BeforeClass\n    public void setUp() {\n        ExtentReportManager.createTest(\"Login Test\");\n        driver = new ChromeDriver();\n        driver.manage().window().maximize();\n        driver.get(baseUrl);\n    }\n\n    @Test\n    public void testLogin() {\n        test = ExtentReportManager.createTest(\"Login to Charitable Impact\");\n        LoginPage loginPage = new LoginPage(driver);\n\n        loginPage.enterEmail(\"menon.sanu@gmail.com\");\n        test.log(Status.INFO, \"Entered email\");\n\n        loginPage.enterPassword(\"Test123#\");\n        test.log(Status.INFO, \"Entered password\");\n\n        loginPage.clickLoginButton();\n        test.log(Status.INFO, \"Clicked Login button\");\n        \n        // Add assertion or further steps to verify successful login\n    }\n\n    @AfterClass\n    public void tearDown() {\n        driver.quit();\n        ExtentReportManager.flush();\n    }\n}\n```"}, "2": {"input": "Step 1 : Give test case to login to the charitable impact using the credentials menon.sanu@gmail.com / Test123# .\nStep 2 : Give test case to navigate to the url https://my.charitableimpact.com/groups/test-group-by-sanu-updated-by-nandu/edit to prepare test case for group edit admin page .", "response": "\u274c Selected LLM mode is not available or failed to initialize."}, "3": {"input": "Step 1 : Give test case to login to the charitable impact using the credentials menon.sanu@gmail.com / Test123# .\nStep 2 : Give test case to navigate to the url https://my.charitableimpact.com/groups/test-group-by-sanu-updated-by-nandu/edit to prepare test case for group edit admin page .", "response": "\u274c Selected LLM mode is not available or failed to initialize."}, "4": {"input": "Step 1 : Give test case to login to the charitable impact using the credentials menon.sanu@gmail.com / Test123# .", "response": "=== PAGE OBJECT CLASS: LoginPage ===\n```java\nimport org.openqa.selenium.WebDriver;\nimport org.openqa.selenium.WebElement;\nimport org.openqa.selenium.support.FindBy;\nimport org.openqa.selenium.support.PageFactory;\n\npublic class LoginPage {\n    WebDriver driver;\n\n    @FindBy(id = \"email\")\n    WebElement emailInput;\n\n    @FindBy(id = \"password\")\n    WebElement passwordInput;\n\n    @FindBy(xpath = \"//button[contains(text(),'Login')]\")\n    WebElement loginButton;\n\n    public LoginPage(WebDriver driver) {\n        this.driver = driver;\n        PageFactory.initElements(driver, this);\n    }\n\n    public void enterEmail(String email) {\n        emailInput.sendKeys(email);\n    }\n\n    public void enterPassword(String password) {\n        passwordInput.sendKeys(password);\n    }\n\n    public void clickLoginButton() {\n        loginButton.click();\n    }\n}\n```\n\n=== TEST CLASS: LoginTest ===\n```java\nimport com.aventstack.extentreports.ExtentReports;\nimport com.aventstack.extentreports.ExtentTest;\nimport com.aventstack.extentreports.Status;\nimport com.charitableimpact.config.ExtentReportManager;\nimport org.openqa.selenium.WebDriver;\nimport org.openqa.selenium.chrome.ChromeDriver;\nimport org.testng.annotations.BeforeClass;\nimport org.testng.annotations.AfterClass;\nimport org.testng.annotations.Test;\nimport io.github.bonigarcia.wdm.WebDriverManager;\nimport java.time.Duration;\n\npublic class LoginTest {\n    WebDriver driver;\n    ExtentTest test;\n\n    @BeforeClass\n    public void setup() {\n        WebDriverManager.chromedriver().setup();\n        driver = new ChromeDriver();\n        driver.manage().window().maximize();\n    }\n\n    @Test\n    public void loginToCharitableImpact() {\n        ExtentTest test = ExtentReportManager.createTest(\"Login Test\");\n\n        driver.get(\"https://my.charitableimpact.com/users/login\");\n\n        LoginPage loginPage = new LoginPage(driver);\n\n        test.log(Status.INFO, \"Entering email and password\");\n        loginPage.enterEmail(\"menon.sanu@gmail.com\");\n        loginPage.enterPassword(\"Test123#\");\n\n        test.log(Status.INFO, \"Clicking Login button\");\n        loginPage.clickLoginButton();\n\n        // Add verification steps here\n\n        test.log(Status.PASS, \"Login successful\");\n    }\n\n    @AfterClass\n    public void teardown() {\n        driver.quit();\n        ExtentReportManager.flush();\n    }\n}\n```"}, "5": {"input": "Step 1 : Give test case to login to the charitable impact using the credentials menon.sanu@gmail.com / Test123# .\nStep 2 : Give test case to navigate to the url https://my.charitableimpact.com/groups/test-group-by-sanu-updated-by-nandu/edit to prepare test case for group edit admin page .", "response": "=== PAGE OBJECT CLASS: LoginPage ===\n```java\nimport org.openqa.selenium.WebDriver;\nimport org.openqa.selenium.WebElement;\nimport org.openqa.selenium.support.FindBy;\nimport org.openqa.selenium.support.PageFactory;\n\npublic class LoginPage {\n    WebDriver driver;\n\n    @FindBy(id = \"email\")\n    WebElement emailInput;\n\n    @FindBy(id = \"password\")\n    WebElement passwordInput;\n\n    @FindBy(xpath = \"//button[contains(text(),'Login')]\")\n    WebElement loginButton;\n\n    public LoginPage(WebDriver driver) {\n        this.driver = driver;\n        PageFactory.initElements(driver, this);\n    }\n\n    public void enterEmail(String email) {\n        emailInput.sendKeys(email);\n    }\n\n    public void enterPassword(String password) {\n        passwordInput.sendKeys(password);\n    }\n\n    public void clickLoginButton() {\n        loginButton.click();\n    }\n}\n```\n\n=== TEST CLASS: LoginTest ===\n```java\nimport com.aventstack.extentreports.ExtentReports;\nimport com.aventstack.extentreports.ExtentTest;\nimport com.aventstack.extentreports.Status;\nimport com.charitableimpact.config.ExtentReportManager;\nimport org.openqa.selenium.WebDriver;\nimport org.openqa.selenium.chrome.ChromeDriver;\nimport org.testng.annotations.BeforeClass;\nimport org.testng.annotations.AfterClass;\nimport org.testng.annotations.Test;\nimport io.github.bonigarcia.wdm.WebDriverManager;\nimport java.time.Duration;\n\npublic class LoginTest {\n    WebDriver driver;\n    ExtentTest test;\n\n    @BeforeClass\n    public void setup() {\n        WebDriverManager.chromedriver().setup();\n        driver = new ChromeDriver();\n        driver.manage().window().maximize();\n    }\n\n    @Test\n    public void loginToCharitableImpact() {\n        ExtentTest test = ExtentReportManager.createTest(\"Login Test\");\n\n        driver.get(\"https://my.charitableimpact.com/users/login\");\n\n        LoginPage loginPage = new LoginPage(driver);\n\n        test.log(Status.INFO, \"Entering email and password\");\n        loginPage.enterEmail(\"menon.sanu@gmail.com\");\n        loginPage.enterPassword(\"Test123#\");\n\n        test.log(Status.INFO, \"Clicking Login button\");\n        loginPage.clickLoginButton();\n\n        // Add verification steps here\n\n        test.log(Status.PASS, \"Login successful\");\n    }\n\n    @AfterClass\n    public void teardown() {\n        driver.quit();\n        ExtentReportManager.flush();\n    }\n}\n\n=== PAGE OBJECT CLASS: GroupEditPage ===\n```java\nimport org.openqa.selenium.WebDriver;\nimport org.openqa.selenium.WebElement;\nimport org.openqa.selenium.support.FindBy;\nimport org.openqa.selenium.support.PageFactory;\n\npublic class GroupEditPage {\n    WebDriver driver;\n\n    // Add necessary WebElements and methods related to the Group Edit page\n\n    public GroupEditPage(WebDriver driver) {\n        this.driver = driver;\n        PageFactory.initElements(driver, this);\n    }\n}\n```\n\n=== TEST CLASS: GroupEditTest ===\n```java\nimport com.aventstack.extentreports.ExtentReports;\nimport com.aventstack.extentreports.ExtentTest;\nimport com.aventstack.extentreports.Status;\nimport com.charitableimpact.config.ExtentReportManager;\nimport org.openqa.selenium.WebDriver;\nimport org.openqa.selenium.chrome.ChromeDriver;\nimport org.testng.annotations.BeforeClass;\nimport org.testng.annotations.AfterClass;\nimport org.testng.annotations.Test;\nimport io.github.bonigarcia.wdm.WebDriverManager;\nimport java.time.Duration;\n\npublic class GroupEditTest {\n    WebDriver driver;\n    ExtentTest test;\n\n    @BeforeClass\n    public void setup() {\n        WebDriverManager.chromedriver().setup();\n        driver = new ChromeDriver();\n        driver.manage().window().maximize();\n    }\n\n    @Test\n    public void navigateToGroupEditPage() {\n        ExtentTest test = ExtentReportManager.createTest(\"Group Edit Page Test\");\n\n        driver.get(\"https://my.charitableimpact.com/groups/test-group-by-sanu-updated-by-nandu/edit\");\n\n        GroupEditPage groupEditPage = new GroupEditPage(driver);\n\n        // Add test steps to interact with the Group Edit page\n\n        test.log(Status.PASS, \"Navigated to Group Edit page successfully\");\n    }\n\n    @AfterClass\n    public void teardown() {\n        driver.quit();\n        ExtentReportManager.flush();\n    }\n}\n```"}, "6": {"input": "Step 1 : Give test case to login to the charitable impact using the credentials menon.sanu@gmail.com / Test123# .\nStep 2 : Give test case to navigate to the url https://my.charitableimpact.com/groups/test-group-by-sanu-updated-by-nandu/edit to prepare test case for group edit admin page .\nStep 3 : Edit the group name to \"Cheehoo\" and save by clicking \"Save\" button", "response": "=== PAGE OBJECT CLASS: LoginPage ===\n```java\nimport org.openqa.selenium.WebDriver;\nimport org.openqa.selenium.WebElement;\nimport org.openqa.selenium.support.FindBy;\nimport org.openqa.selenium.support.PageFactory;\n\npublic class LoginPage {\n    WebDriver driver;\n\n    @FindBy(id = \"email\")\n    WebElement emailInput;\n\n    @FindBy(id = \"password\")\n    WebElement passwordInput;\n\n    @FindBy(xpath = \"//button[contains(text(),'Login')]\")\n    WebElement loginButton;\n\n    public LoginPage(WebDriver driver) {\n        this.driver = driver;\n        PageFactory.initElements(driver, this);\n    }\n\n    public void enterEmail(String email) {\n        emailInput.sendKeys(email);\n    }\n\n    public void enterPassword(String password) {\n        passwordInput.sendKeys(password);\n    }\n\n    public void clickLoginButton() {\n        loginButton.click();\n    }\n}\n```\n\n=== TEST CLASS: LoginTest ===\n```java\nimport com.aventstack.extentreports.ExtentReports;\nimport com.aventstack.extentreports.ExtentTest;\nimport com.aventstack.extentreports.Status;\nimport com.charitableimpact.config.ExtentReportManager;\nimport org.openqa.selenium.WebDriver;\nimport org.openqa.selenium.chrome.ChromeDriver;\nimport org.testng.annotations.BeforeClass;\nimport org.testng.annotations.AfterClass;\nimport org.testng.annotations.Test;\nimport io.github.bonigarcia.wdm.WebDriverManager;\nimport java.time.Duration;\n\npublic class LoginTest {\n    WebDriver driver;\n    ExtentTest test;\n\n    @BeforeClass\n    public void setup() {\n        WebDriverManager.chromedriver().setup();\n        driver = new ChromeDriver();\n        driver.manage().window().maximize();\n    }\n\n    @Test\n    public void loginToCharitableImpact() {\n        ExtentTest test = ExtentReportManager.createTest(\"Login Test\");\n\n        driver.get(\"https://my.charitableimpact.com/users/login\");\n\n        LoginPage loginPage = new LoginPage(driver);\n\n        test.log(Status.INFO, \"Entering email and password\");\n        loginPage.enterEmail(\"menon.sanu@gmail.com\");\n        loginPage.enterPassword(\"Test123#\");\n\n        test.log(Status.INFO, \"Clicking Login button\");\n        loginPage.clickLoginButton();\n\n        // Add verification steps here\n\n        test.log(Status.PASS, \"Login successful\");\n    }\n\n    @AfterClass\n    public void teardown() {\n        driver.quit();\n        ExtentReportManager.flush();\n    }\n}\n\n=== PAGE OBJECT CLASS: GroupEditPage ===\n```java\nimport org.openqa.selenium.WebDriver;\nimport org.openqa.selenium.WebElement;\nimport org.openqa.selenium.support.FindBy;\nimport org.openqa.selenium.support.PageFactory;\n\npublic class GroupEditPage {\n    WebDriver driver;\n\n    @FindBy(id = \"group-name\")\n    WebElement groupNameInput;\n\n    @FindBy(xpath = \"//button[contains(text(),'Save')]\")\n    WebElement saveButton;\n\n    public GroupEditPage(WebDriver driver) {\n        this.driver = driver;\n        PageFactory.initElements(driver, this);\n    }\n\n    public void editGroupName(String newGroupName) {\n        groupNameInput.clear();\n        groupNameInput.sendKeys(newGroupName);\n    }\n\n    public void clickSaveButton() {\n        saveButton.click();\n    }\n}\n```\n\n=== TEST CLASS: GroupEditTest ===\n```java\nimport com.aventstack.extentreports.ExtentReports;\nimport com.aventstack.extentreports.ExtentTest;\nimport com.aventstack.extentreports.Status;\nimport com.charitableimpact.config.ExtentReportManager;\nimport org.openqa.selenium.WebDriver;\nimport org.openqa.selenium.chrome.ChromeDriver;\nimport org.testng.annotations.BeforeClass;\nimport org.testng.annotations.AfterClass;\nimport org.testng.annotations.Test;\nimport io.github.bonigarcia.wdm.WebDriverManager;\nimport java.time.Duration;\n\npublic class GroupEditTest {\n    WebDriver driver;\n    ExtentTest test;\n\n    @BeforeClass\n    public void setup() {\n        WebDriverManager.chromedriver().setup();\n        driver = new ChromeDriver();\n        driver.manage().window().maximize();\n    }\n\n    @Test\n    public void navigateToGroupEditPageAndEditGroupName() {\n        ExtentTest test = ExtentReportManager.createTest(\"Group Edit Page Test\");\n\n        driver.get(\"https://my.charitableimpact.com/groups/test-group-by-sanu-updated-by-nandu/edit\");\n\n        GroupEditPage groupEditPage = new GroupEditPage(driver);\n\n        test.log(Status.INFO, \"Editing group name to 'Cheehoo'\");\n        groupEditPage.editGroupName(\"Cheehoo\");\n\n        test.log(Status.INFO, \"Clicking Save button\");\n        groupEditPage.clickSaveButton();\n\n        // Add verification steps here\n\n        test.log(Status.PASS, \"Group name edited and saved successfully\");\n    }\n\n    @AfterClass\n    public void teardown() {\n        driver.quit();\n        ExtentReportManager.flush();\n    }\n}\n```"}, "7": {"input": "Step 1 : Give test case to login to the charitable impact using the credentials menon.sanu@gmail.com / Test123# .\nStep 2 : Give test case to navigate to the url https://my.charitableimpact.com/groups/test-group-by-sanu-updated-by-nandu/edit to prepare test case for group edit admin page .\nStep 3 : Edit the group name to \"Cheehoo\" and save by clicking \"Save\" button\nStep 4: Test case to Add a validation for the saved group name in Step 3", "response": "=== PAGE OBJECT CLASS: LoginPage ===\n```java\nimport org.openqa.selenium.WebDriver;\nimport org.openqa.selenium.WebElement;\nimport org.openqa.selenium.support.FindBy;\nimport org.openqa.selenium.support.PageFactory;\n\npublic class LoginPage {\n    WebDriver driver;\n\n    @FindBy(id = \"email\")\n    WebElement emailInput;\n\n    @FindBy(id = \"password\")\n    WebElement passwordInput;\n\n    @FindBy(xpath = \"//button[contains(text(),'Login')]\")\n    WebElement loginButton;\n\n    public LoginPage(WebDriver driver) {\n        this.driver = driver;\n        PageFactory.initElements(driver, this);\n    }\n\n    public void enterEmail(String email) {\n        emailInput.sendKeys(email);\n    }\n\n    public void enterPassword(String password) {\n        passwordInput.sendKeys(password);\n    }\n\n    public void clickLoginButton() {\n        loginButton.click();\n    }\n}\n```\n\n=== TEST CLASS: LoginTest ===\n```java\nimport com.aventstack.extentreports.ExtentReports;\nimport com.aventstack.extentreports.ExtentTest;\nimport com.aventstack.extentreports.Status;\nimport com.charitableimpact.config.ExtentReportManager;\nimport org.openqa.selenium.WebDriver;\nimport org.openqa.selenium.chrome.ChromeDriver;\nimport org.testng.annotations.BeforeClass;\nimport org.testng.annotations.AfterClass;\nimport org.testng.annotations.Test;\nimport io.github.bonigarcia.wdm.WebDriverManager;\nimport java.time.Duration;\n\npublic class LoginTest {\n    WebDriver driver;\n    ExtentTest test;\n\n    @BeforeClass\n    public void setup() {\n        WebDriverManager.chromedriver().setup();\n        driver = new ChromeDriver();\n        driver.manage().window().maximize();\n    }\n\n    @Test\n    public void loginToCharitableImpact() {\n        ExtentTest test = ExtentReportManager.createTest(\"Login Test\");\n\n        driver.get(\"https://my.charitableimpact.com/users/login\");\n\n        LoginPage loginPage = new LoginPage(driver);\n\n        test.log(Status.INFO, \"Entering email and password\");\n        loginPage.enterEmail(\"menon.sanu@gmail.com\");\n        loginPage.enterPassword(\"Test123#\");\n\n        test.log(Status.INFO, \"Clicking Login button\");\n        loginPage.clickLoginButton();\n\n        // Add verification steps here\n\n        test.log(Status.PASS, \"Login successful\");\n    }\n\n    @AfterClass\n    public void teardown() {\n        driver.quit();\n        ExtentReportManager.flush();\n    }\n}\n\n=== PAGE OBJECT CLASS: GroupEditPage ===\n```java\nimport org.openqa.selenium.WebDriver;\nimport org.openqa.selenium.WebElement;\nimport org.openqa.selenium.support.FindBy;\nimport org.openqa.selenium.support.PageFactory;\n\npublic class GroupEditPage {\n    WebDriver driver;\n\n    @FindBy(id = \"group-name\")\n    WebElement groupNameInput;\n\n    @FindBy(xpath = \"//button[contains(text(),'Save')]\")\n    WebElement saveButton;\n\n    public GroupEditPage(WebDriver driver) {\n        this.driver = driver;\n        PageFactory.initElements(driver, this);\n    }\n\n    public void editGroupName(String newGroupName) {\n        groupNameInput.clear();\n        groupNameInput.sendKeys(newGroupName);\n    }\n\n    public void clickSaveButton() {\n        saveButton.click();\n    }\n\n    public String getGroupName() {\n        return groupNameInput.getAttribute(\"value\");\n    }\n}\n```\n\n=== TEST CLASS: GroupEditTest ===\n```java\nimport com.aventstack.extentreports.ExtentReports;\nimport com.aventstack.extentreports.ExtentTest;\nimport com.aventstack.extentreports.Status;\nimport com.charitableimpact.config.ExtentReportManager;\nimport org.openqa.selenium.WebDriver;\nimport org.openqa.selenium.chrome.ChromeDriver;\nimport org.testng.Assert;\nimport org.testng.annotations.BeforeClass;\nimport org.testng.annotations.AfterClass;\nimport org.testng.annotations.Test;\nimport io.github.bonigarcia.wdm.WebDriverManager;\nimport java.time.Duration;\n\npublic class GroupEditTest {\n    WebDriver driver;\n    ExtentTest test;\n\n    @BeforeClass\n    public void setup() {\n        WebDriverManager.chromedriver().setup();\n        driver = new ChromeDriver();\n        driver.manage().window().maximize();\n    }\n\n    @Test(priority = 1)\n    public void navigateToGroupEditPageAndEditGroupName() {\n        ExtentTest test = ExtentReportManager.createTest(\"Group Edit Page Test\");\n\n        driver.get(\"https://my.charitableimpact.com/groups/test-group-by-sanu-updated-by-nandu/edit\");\n\n        GroupEditPage groupEditPage = new GroupEditPage(driver);\n\n        test.log(Status.INFO, \"Editing group name to 'Cheehoo'\");\n        groupEditPage.editGroupName(\"Cheehoo\");\n\n        test.log(Status.INFO, \"Clicking Save button\");\n        groupEditPage.clickSaveButton();\n\n        // Add verification steps here\n\n        test.log(Status.PASS, \"Group name edited and saved successfully\");\n    }\n\n    @Test(priority = 2)\n    public void verifyEditedGroupName() {\n        ExtentTest test = ExtentReportManager.createTest(\"Verify Edited Group Name Test\");\n\n        driver.get(\"https://my.charitableimpact.com/groups/test-group-by-sanu-updated-by-nandu/edit\");\n\n        GroupEditPage groupEditPage = new GroupEditPage(driver);\n\n        String editedGroupName = groupEditPage.getGroupName();\n\n        test.log(Status.INFO, \"Verifying the edited group name\");\n        Assert.assertEquals(editedGroupName, \"Cheehoo\", \"Group name is not as expected\");\n\n        test.log(Status.PASS, \"Group name verification successful\");\n    }\n\n    @AfterClass\n    public void teardown() {\n        driver.quit();\n        ExtentReportManager.flush();\n    }\n}\n```"}, "8": {"input": "Step 1 : Give test case to login to the charitable impact using the credentials menon.sanu@gmail.com / Test123# .", "response": "=== PAGE OBJECT CLASS: LoginPage ===\n```java\nimport org.openqa.selenium.WebDriver;\nimport org.openqa.selenium.WebElement;\nimport org.openqa.selenium.support.FindBy;\nimport org.openqa.selenium.support.PageFactory;\n\npublic class LoginPage {\n    WebDriver driver;\n\n    @FindBy(id = \"email\")\n    WebElement emailInput;\n\n    @FindBy(id = \"password\")\n    WebElement passwordInput;\n\n    @FindBy(xpath = \"//button[contains(text(),'Login')]\")\n    WebElement loginButton;\n\n    public LoginPage(WebDriver driver) {\n        this.driver = driver;\n        PageFactory.initElements(driver, this);\n    }\n\n    public void enterEmail(String email) {\n        emailInput.sendKeys(email);\n    }\n\n    public void enterPassword(String password) {\n        passwordInput.sendKeys(password);\n    }\n\n    public void clickLoginButton() {\n        loginButton.click();\n    }\n}\n```\n\n=== TEST CLASS: LoginTest ===\n```java\nimport com.aventstack.extentreports.ExtentReports;\nimport com.aventstack.extentreports.ExtentTest;\nimport com.aventstack.extentreports.Status;\nimport com.charitableimpact.config.ExtentReportManager;\nimport org.openqa.selenium.WebDriver;\nimport org.openqa.selenium.chrome.ChromeDriver;\nimport org.testng.annotations.BeforeClass;\nimport org.testng.annotations.AfterClass;\nimport org.testng.annotations.Test;\nimport io.github.bonigarcia.wdm.WebDriverManager;\nimport java.time.Duration;\n\npublic class LoginTest {\n    WebDriver driver;\n    ExtentTest test;\n\n    @BeforeClass\n    public void setup() {\n        WebDriverManager.chromedriver().setup();\n        driver = new ChromeDriver();\n        driver.manage().window().maximize();\n    }\n\n    @Test\n    public void loginToCharitableImpact() {\n        ExtentTest test = ExtentReportManager.createTest(\"Login Test\");\n\n        driver.get(\"https://my.charitableimpact.com/users/login\");\n\n        LoginPage loginPage = new LoginPage(driver);\n\n        test.log(Status.INFO, \"Entering email and password\");\n        loginPage.enterEmail(\"menon.sanu@gmail.com\");\n        loginPage.enterPassword(\"Test123#\");\n\n        test.log(Status.INFO, \"Clicking Login button\");\n        loginPage.clickLoginButton();\n\n        // Add verification steps here\n\n        test.log(Status.PASS, \"Login successful\");\n    }\n\n    @AfterClass\n    public void teardown() {\n        driver.quit();\n        ExtentReportManager.flush();\n    }\n}\n```"}, "9": {"input": "Step 1 : Give test case to login to the charitable impact using the credentials menon.sanu@gmail.com / Test123# .\nStep 2: Navigate to the group admin edit page  https://my.charitableimpact.com/groups/test-group-by-sanu-updated-by-nandu/edit and add a test case to edit th group name to \"cheehoo\" and save", "response": "=== PAGE OBJECT CLASS: LoginPage ===\n```java\nimport org.openqa.selenium.WebDriver;\nimport org.openqa.selenium.WebElement;\nimport org.openqa.selenium.support.FindBy;\nimport org.openqa.selenium.support.PageFactory;\n\npublic class LoginPage {\n    WebDriver driver;\n\n    @FindBy(id = \"email\")\n    WebElement emailInput;\n\n    @FindBy(id = \"password\")\n    WebElement passwordInput;\n\n    @FindBy(xpath = \"//button[contains(text(),'Login')]\")\n    WebElement loginButton;\n\n    public LoginPage(WebDriver driver) {\n        this.driver = driver;\n        PageFactory.initElements(driver, this);\n    }\n\n    public void enterEmail(String email) {\n        emailInput.sendKeys(email);\n    }\n\n    public void enterPassword(String password) {\n        passwordInput.sendKeys(password);\n    }\n\n    public void clickLoginButton() {\n        loginButton.click();\n    }\n}\n```\n\n=== PAGE OBJECT CLASS: GroupEditPage ===\n```java\nimport org.openqa.selenium.WebDriver;\nimport org.openqa.selenium.WebElement;\nimport org.openqa.selenium.support.FindBy;\nimport org.openqa.selenium.support.PageFactory;\n\npublic class GroupEditPage {\n    WebDriver driver;\n\n    @FindBy(id = \"group-name\")\n    WebElement groupNameInput;\n\n    @FindBy(xpath = \"//button[contains(text(),'Save')]\")\n    WebElement saveButton;\n\n    public GroupEditPage(WebDriver driver) {\n        this.driver = driver;\n        PageFactory.initElements(driver, this);\n    }\n\n    public void editGroupName(String newGroupName) {\n        groupNameInput.clear();\n        groupNameInput.sendKeys(newGroupName);\n    }\n\n    public void clickSaveButton() {\n        saveButton.click();\n    }\n}\n```\n\n=== TEST CLASS: GroupEditTest ===\n```java\nimport com.aventstack.extentreports.ExtentReports;\nimport com.aventstack.extentreports.ExtentTest;\nimport com.aventstack.extentreports.Status;\nimport com.charitableimpact.config.ExtentReportManager;\nimport org.openqa.selenium.WebDriver;\nimport org.openqa.selenium.chrome.ChromeDriver;\nimport org.testng.annotations.BeforeClass;\nimport org.testng.annotations.AfterClass;\nimport org.testng.annotations.Test;\nimport io.github.bonigarcia.wdm.WebDriverManager;\nimport java.time.Duration;\n\npublic class GroupEditTest {\n    WebDriver driver;\n    ExtentTest test;\n\n    @BeforeClass\n    public void setup() {\n        WebDriverManager.chromedriver().setup();\n        driver = new ChromeDriver();\n        driver.manage().window().maximize();\n    }\n\n    @Test\n    public void navigateToGroupEditPageAndEditGroupName() {\n        ExtentTest test = ExtentReportManager.createTest(\"Group Edit Page Test\");\n\n        driver.get(\"https://my.charitableimpact.com/groups/test-group-by-sanu-updated-by-nandu/edit\");\n\n        GroupEditPage groupEditPage = new GroupEditPage(driver);\n\n        test.log(Status.INFO, \"Editing group name to 'cheehoo'\");\n        groupEditPage.editGroupName(\"cheehoo\");\n\n        test.log(Status.INFO, \"Clicking Save button\");\n        groupEditPage.clickSaveButton();\n\n        // Add verification steps here\n\n        test.log(Status.PASS, \"Group name edited and saved successfully\");\n    }\n\n    @AfterClass\n    public void teardown() {\n        driver.quit();\n        ExtentReportManager.flush();\n    }\n}\n```"}, "10": {"input": "Step 1 : Give test case to login to the charitable impact using the credentials menon.sanu@gmail.com / Test123# .\nStep 2: Navigate to the group admin edit page  https://my.charitableimpact.com/groups/test-group-by-sanu-updated-by-nandu/edit and add a test case to edit th group name to \"cheehoo\" and save. You missed Login test class please include that", "response": "=== PAGE OBJECT CLASS: LoginPage ===\n```java\nimport org.openqa.selenium.WebDriver;\nimport org.openqa.selenium.WebElement;\nimport org.openqa.selenium.support.FindBy;\nimport org.openqa.selenium.support.PageFactory;\n\npublic class LoginPage {\n    WebDriver driver;\n\n    @FindBy(id = \"email\")\n    WebElement emailInput;\n\n    @FindBy(id = \"password\")\n    WebElement passwordInput;\n\n    @FindBy(xpath = \"//button[contains(text(),'Login')]\")\n    WebElement loginButton;\n\n    public LoginPage(WebDriver driver) {\n        this.driver = driver;\n        PageFactory.initElements(driver, this);\n    }\n\n    public void enterEmail(String email) {\n        emailInput.sendKeys(email);\n    }\n\n    public void enterPassword(String password) {\n        passwordInput.sendKeys(password);\n    }\n\n    public void clickLoginButton() {\n        loginButton.click();\n    }\n}\n\n```\n=== TEST CLASS: LoginTest ===\n```java\nimport com.aventstack.extentreports.ExtentReports;\nimport com.aventstack.extentreports.ExtentTest;\nimport com.aventstack.extentreports.Status;\nimport com.charitableimpact.config.ExtentReportManager;\nimport org.openqa.selenium.WebDriver;\nimport org.openqa.selenium.chrome.ChromeDriver;\nimport org.testng.annotations.BeforeClass;\nimport org.testng.annotations.AfterClass;\nimport org.testng.annotations.Test;\nimport io.github.bonigarcia.wdm.WebDriverManager;\nimport java.time.Duration;\n\npublic class LoginTest {\n    WebDriver driver;\n    ExtentTest test;\n\n    @BeforeClass\n    public void setup() {\n        WebDriverManager.chromedriver().setup();\n        driver = new ChromeDriver();\n        driver.manage().window().maximize();\n    }\n\n    @Test\n    public void loginToCharitableImpact() {\n        ExtentTest test = ExtentReportManager.createTest(\"Login Test\");\n\n        driver.get(\"https://my.charitableimpact.com/users/login\");\n\n        LoginPage loginPage = new LoginPage(driver);\n\n        test.log(Status.INFO, \"Entering email and password\");\n        loginPage.enterEmail(\"menon.sanu@gmail.com\");\n        loginPage.enterPassword(\"Test123#\");\n\n        test.log(Status.INFO, \"Clicking Login button\");\n        loginPage.clickLoginButton();\n\n        // Add verification steps here\n\n        test.log(Status.PASS, \"Login successful\");\n    }\n\n    @AfterClass\n    public void teardown() {\n        driver.quit();\n        ExtentReportManager.flush();\n    }\n}\n```\n\n=== PAGE OBJECT CLASS: GroupEditPage ===\n```java\nimport org.openqa.selenium.WebDriver;\nimport org.openqa.selenium.WebElement;\nimport org.openqa.selenium.support.FindBy;\nimport org.openqa.selenium.support.PageFactory;\n\npublic class GroupEditPage {\n    WebDriver driver;\n\n    @FindBy(id = \"group-name\")\n    WebElement groupNameInput;\n\n    @FindBy(xpath = \"//button[contains(text(),'Save')]\")\n    WebElement saveButton;\n\n    public GroupEditPage(WebDriver driver) {\n        this.driver = driver;\n        PageFactory.initElements(driver, this);\n    }\n\n    public void editGroupName(String newGroupName) {\n        groupNameInput.clear();\n        groupNameInput.sendKeys(newGroupName);\n    }\n\n    public void clickSaveButton() {\n        saveButton.click();\n    }\n}\n```\n\n=== TEST CLASS: GroupEditTest ===\n```java\nimport com.aventstack.extentreports.ExtentReports;\nimport com.aventstack.extentreports.ExtentTest;\nimport com.aventstack.extentreports.Status;\nimport com.charitableimpact.config.ExtentReportManager;\nimport org.openqa.selenium.WebDriver;\nimport org.openqa.selenium.chrome.ChromeDriver;\nimport org.testng.annotations.BeforeClass;\nimport org.testng.annotations.AfterClass;\nimport org.testng.annotations.Test;\nimport io.github.bonigarcia.wdm.WebDriverManager;\nimport java.time.Duration;\n\npublic class GroupEditTest {\n    WebDriver driver;\n    ExtentTest test;\n\n    @BeforeClass\n    public void setup() {\n        WebDriverManager.chromedriver().setup();\n        driver = new ChromeDriver();\n        driver.manage().window().maximize();\n    }\n\n    @Test\n    public void navigateToGroupEditPageAndEditGroupName() {\n        ExtentTest test = ExtentReportManager.createTest(\"Group Edit Page Test\");\n\n        driver.get(\"https://my.charitableimpact.com/groups/test-group-by-sanu-updated-by-nandu/edit\");\n\n        GroupEditPage groupEditPage = new GroupEditPage(driver);\n\n        test.log(Status.INFO, \"Editing group name to 'cheehoo'\");\n        groupEditPage.editGroupName(\"cheehoo\");\n\n        test.log(Status.INFO, \"Clicking Save button\");\n        groupEditPage.clickSaveButton();\n\n        // Add verification steps here\n\n        test.log(Status.PASS, \"Group name edited and saved successfully\");\n    }\n\n    @AfterClass\n    public void teardown() {\n        driver.quit();\n        ExtentReportManager.flush();\n    }\n}\n```"}, "11": {"input": "Could you please tell me the feature of charity admin in charitableimpact ?", "response": "\u274c I can only help with test case generation for the domain charitableimpact.com using Java + Selenium + TestNG + Maven."}, "12": {"input": "Could you please tell me  more about the feature of charity admin in charitableimpact.com ?", "response": "\u274c I can only help with test case generation for the domain charitableimpact.com using Java + Selenium + TestNG + Maven."}, "13": {"input": "could you please tell me how to send money from a campaign to a charity", "response": "\u274c I can only help with test case generation for charitableimpact.com using Java + Selenium + TestNG + Maven."}}}